date,search_term_normalized,total_search_impression,total_search_click,content_id_hashed
2025-06-27,cocuk_kiz_mayo,2.3953763678826692e-06,0.0,90feecae99ac21ff
2025-07-07,kot_pantolon,1.4372258207296016e-06,4.790752735765338e-07,ff85d4e14280f57f
2025-06-22,gecelik,0.00011593621620552119,4.311677462188805e-06,8bea12a22a38d2e8
2025-06-20,canta,4.7907527357653384e-06,0.0,333fdfc7b60e5b0e
2025-06-14,boxer,4.790752735765338e-07,0.0,df74bcf645a6eea3
2025-06-21,ayakkabi_babet,9.964765690391904e-05,1.4372258207296016e-06,859aef7d666d4026
2025-07-10,hasir_sapka,2.1558387310944024e-05,0.0,3ef22c4d9b6719b0
2025-06-14,kadin_sandalet,4.7907527357653384e-06,0.0,c4e6e33815222d0e
2025-06-09,abiye_beden_buyuk,2.1079312037367488e-05,0.0,2e87aec3c0e694af
2025-06-23,elbise_sifon,0.0004709309939257328,1.3414107660142947e-05,e42e524fd50d5ddc
2025-07-10,bebek_kiz_mayo,4.790752735765338e-07,0.0,f59a9cdc03b8fc70
2025-07-05,oversize_tisort,5.269828009341872e-06,0.0,eb7aeb2548047e56
2025-06-17,bikini,0.00010108488272464864,1.4372258207296016e-06,ca41f91dc00aaa9f
2025-06-13,giyim_kadin_tesettur,3.066081750889816e-05,1.4372258207296016e-06,7a5cea51a54bf093
2025-07-05,kupe,0.0008862892561165876,9.102430197954142e-06,2716963463453c93
2025-06-07,esofman,0.0005351270805849883,1.1497806565836813e-05,8a70169c765f15a5
2025-07-06,yelek,2.3953763678826692e-06,0.0,e048f6a204683268
2025-06-21,corap,3.353526915035737e-06,0.0,009a1860821148d8
2025-06-24,pantolon,4.790752735765338e-07,0.0,164fb04203b15a5c
2025-07-05,bot_kadin,1.628855930160215e-05,0.0,019ce1bc569b60b8
2025-06-10,ayakkabi_topuklu,7.186129103648007e-06,0.0,700fcdc718a13a25
2025-07-07,bustiyer_korse,7.186129103648007e-06,0.0,3e40296299af5220
2025-06-16,kadin_sapka,5.557273173487793e-05,1.916301094306135e-06,322d5e445f53855d
2025-07-06,kadin_terlik,0.0001317457002335468,9.581505471530676e-07,5a5a530b62446ce8
2025-06-27,kadin_saat,2.1079312037367488e-05,0.0,de6d4a96a8b24b36
2025-06-30,elbise_mini,1.245595711298988e-05,0.0,c870afebcffa2b1c
2025-06-22,bikini_takim,1.1976881839413346e-05,0.0,6889e91608d29d61
2025-06-20,alt_takim_ust,1.4372258207296016e-06,0.0,7012a1b5261dd392
2025-06-15,elbise_kadin,4.7907527357653384e-06,4.790752735765338e-07,a96f0fc90f27a4db
2025-07-04,abiye_saten_tesettur,1.8204860395908285e-05,9.581505471530676e-07,84f00effc6e3f073
2025-06-17,kadin,1.916301094306135e-06,0.0,e3034a9579980f10
2025-06-22,canta,4.790752735765338e-07,0.0,e28ef1f1390c56f8
2025-07-03,kadin_yelek,3.832602188612271e-05,4.790752735765338e-07,c5bb48d4972f4c6f
2025-06-20,kadin_tshirt,4.790752735765338e-07,0.0,7d443ae315e02e1f
2025-06-15,takim,1.4372258207296016e-06,0.0,9b1fc47c1ee1bf9b
2025-06-07,dolgu_terlik_topuk,9.581505471530676e-07,0.0,9259aca9bc3df2ff
2025-06-19,elbise_mini,3.640972079181657e-05,1.4372258207296016e-06,55a3e6a1f8f3dd63
2025-06-23,beyaz_bluz,3.83260218861227e-06,0.0,8a43633865eff8a0
2025-06-19,ayakkabi_kadin_spor,4.790752735765338e-07,0.0,0a3a20c5f13527a7
2025-06-26,alt_kadin_takim_ust,1.7725785122331752e-05,0.0,9a860c44204ca56d
2025-06-29,kadin_sandalet,0.0014587842080405456,2.9702666961745098e-05,dc7afb96b0367160
2025-06-23,ayakkabi_erkek_klasik,4.790752735765338e-07,0.0,68c4a57f6256b20c
2025-07-09,ayakkabi_erkek,2.3953763678826692e-06,4.790752735765338e-07,3cbc6770d2752381
2025-07-03,alt_takim_ust,9.581505471530676e-07,0.0,0f1e997c3b735f95
2025-06-21,gozluk,0.0009940811926713077,3.066081750889816e-05,8a04e92451a1dbdf
2025-07-05,hasema_mayo_tesettur,0.0006932219208652445,8.144279650801075e-06,a30baa69791c7b2a
2025-06-12,bayan_gozlugu_gunes,1.4372258207296016e-06,0.0,8163523da737dd66
2025-06-25,kadin_sandalet_topuklu,4.790752735765338e-07,0.0,958443d54968183c
2025-06-13,terlik_topuklu,2.8744516414592032e-06,0.0,c6f9b7e9714e2611
2025-06-17,bayan_elbise_yazlik,1.916301094306135e-06,0.0,301e57829a11fd4c
2025-06-13,erkek_tisort,5.269828009341872e-06,0.0,3c85d59b78c2251a
2025-07-06,ayakkabi_cocuk,9.581505471530676e-07,0.0,42a619ba94d31efc
2025-06-19,taki,4.647030153692378e-05,2.3953763678826692e-06,ccbb4acb3bf2971f
2025-07-03,kot_sort,5.7489032829184065e-06,9.581505471530676e-07,fcd603e3fb198e90
2025-06-21,cantasi_spor,5.0781978999112586e-05,9.581505471530676e-07,f511cbffdc74a8d3
2025-07-02,etek,6.707053830071474e-06,0.0,475e70d6f04cd24a
2025-07-08,ayakkabi_kadin_topuklu,0.00013318292605427642,2.8744516414592032e-06,f9bc387eabab7143
2025-06-20,giyim_tesettur,1.4372258207296016e-06,0.0,28a6b08474ea81d0
2025-06-13,ayakkabi_kadin_topuklu,5.269828009341872e-06,0.0,01a2adbe1c39cee6
2025-06-12,keten_pantolon,1.7725785122331752e-05,4.790752735765338e-07,b215e46d88f60ad5
2025-06-12,cocuk_kiz_sortlu_takim,7.66520437722454e-06,0.0,2dbc474cffb27714
2025-06-24,elbise_kadin,8.62335492437761e-06,0.0,330abe9a17ef25f9
2025-06-30,ayakkabi_erkek_gunluk,5.7489032829184065e-06,0.0,48547daa03fb5b82
2025-06-17,etek_uzun,2.1558387310944024e-05,1.4372258207296016e-06,ade6a504e57899b6
2025-06-17,tulum,4.7907527357653384e-06,0.0,f42b42bd3908f634
2025-06-29,kadin,4.503307571619418e-05,0.0,0bffb38dbfa3c9ab
2025-07-01,giyim,4.7907527357653384e-06,0.0,fff9e4ae260f9dbc
2025-07-09,sapka,9.581505471530676e-07,0.0,6e07aa0109c4ab74
2025-06-27,bikini_takimi,7.473574267793928e-05,2.3953763678826692e-06,00cb6cf23751fea7
2025-06-17,kazak,6.22797855649494e-06,0.0,c897a1031b1f2a9a
2025-06-29,alt_takim_tesettur_ust,4.790752735765338e-07,0.0,a8ec4e2653f48033
2025-06-13,bikini_takimi,1.7725785122331752e-05,0.0,fd81a3bc928da53b
2025-06-29,pijama,4.790752735765338e-07,0.0,0f284b57903ca6ef
2025-06-29,takim,9.581505471530676e-07,0.0,129b8356db3e66a6
2025-06-07,erkek_shirt_t,4.790752735765338e-07,0.0,4ceacc9bc8beb7fc
2025-07-09,elbise_sik,0.00014180628097865402,0.0,f44e18f62c024bbc
2025-07-08,elbise,9.581505471530677e-06,4.790752735765338e-07,42c83cdc347bb912
2025-06-22,jean_kadin,5.269828009341872e-06,0.0,967acfdc6a02a81c
2025-06-26,elbise_kadin,4.790752735765338e-07,0.0,49457b061d12edd1
2025-06-27,corap,4.790752735765338e-07,0.0,6e78c9a02c9b573b
2025-06-16,kadin_pantolon,0.00010252210854537824,2.8744516414592032e-06,df46af11dc0de215
2025-06-14,ayakkabi_pembe_topuklu,1.7725785122331752e-05,4.790752735765338e-07,523590ad0558664c
2025-06-23,cocuk_elbise_kiz,6.22797855649494e-06,0.0,71d3a9ac2af910e3
2025-06-13,hasir_sandalet,2.874451641459203e-05,0.0,7b81d7049d0b1f56
2025-06-16,gecelik,5.7968108102760594e-05,0.0,b232ea00b153adb7
2025-06-20,deniz_erkek_sortu,2.9702666961745098e-05,9.581505471530676e-07,3cebd7a473787985
2025-07-10,pantolon,4.790752735765338e-07,0.0,57bfec965f39b008
2025-06-24,abiye_elbise_kadin,4.790752735765338e-07,0.0,b27fce0abf55b144
2025-06-12,elbise_turuncu,1.916301094306135e-06,0.0,daf5aa9bf5a02d37
2025-06-07,abiye,0.00034349697115437474,7.186129103648007e-06,d4daa1692dd00247
2025-06-24,gecelik_kadin,0.00012647587222420494,5.7489032829184065e-06,c744092a552f8e0b
2025-06-27,elbise,3.83260218861227e-06,4.790752735765338e-07,f099a1780bb08538
2025-06-25,gomlek_sari,0.00011593621620552119,2.3953763678826692e-06,22527a3109fd40aa
2025-07-07,terlik,2.2995613131673626e-05,4.790752735765338e-07,4a4406179dd120bb
2025-06-08,corap_erkek,8.719169979092916e-05,3.83260218861227e-06,435c5d1bacbe52b5
2025-06-15,alt_kadin_takim_tesettur_ust,9.581505471530676e-07,0.0,06d54e5ce8938eda
2025-06-10,elbise,1.1976881839413346e-05,0.0,f18b4ccd534e09f2
2025-07-02,elbise_kare_yaka,1.4372258207296014e-05,0.0,c2186664d05cbbf6
2025-06-25,elbisesi_hamile,7.186129103648008e-05,1.4372258207296016e-06,b89fb1748e87cdb2
2025-06-27,beyaz_elbise_uzun,7.569389322509234e-05,1.916301094306135e-06,ccf23048fb6857d1
